,bayesian_hierarchical,cox_survival,gbdt,laplace_base_rate,llm_contextual,logistic
bayesian_hierarchical,,2.6127366936634644e-09,0.5060676796012422,0.0991610186395353,0.7543924344102335,0.3508984333367291
cox_survival,2.6127366936634644e-09,,9.05014883700872e-07,9.548726009889208e-08,4.744508985687901e-08,9.951835627575178e-06
gbdt,0.5060676796012422,9.05014883700872e-07,,0.6336501553895633,0.6900462829509286,0.6258942227487725
laplace_base_rate,0.0991610186395353,9.548726009889208e-08,0.6336501553895633,,0.2035331373117526,0.9923911742421747
llm_contextual,0.7543924344102335,4.744508985687901e-08,0.6900462829509286,0.2035331373117526,,0.5153642178347617
logistic,0.3508984333367291,9.951835627575178e-06,0.6258942227487725,0.9923911742421747,0.5153642178347617,
