model,n,brier,brier_lo,brier_hi,log_loss,log_loss_lo,log_loss_hi,auc,auc_lo,auc_hi,ece
bayesian_hierarchical,288,0.23496037791704794,0.22184189022178546,0.24885660467157683,0.6628436319250324,0.6355093868384217,0.6920512505460198,0.5903290129611166,0.520010059563638,0.6559208018532205,0.04684941139340587
llm_contextual,288,0.23687725061167964,0.22169630294724843,0.25309186992991006,0.6664973680210939,0.6327198335991054,0.7013352349881521,0.5901296111665005,0.5239218287231302,0.6563787233902586,0.04848226773856488
gbdt,288,0.24019930925885694,0.22394476554444248,0.2584633896310828,0.6757433185778845,0.6393783112297424,0.7147238967366403,0.5807078763708874,0.5081662986696421,0.6418675877581864,0.03956015814497089
logistic,288,0.2440622094334115,0.2228628689213193,0.2653663591569654,0.6900509979374797,0.6397585716262667,0.7431259042215979,0.5994516450648055,0.5300177318372356,0.6632058043316027,0.09495221038088685
laplace_base_rate,288,0.24417304097404344,0.23201853832328242,0.25894951525681775,0.6821493559997892,0.6559996967030185,0.7135777290370279,0.5308574277168495,0.4635036348147614,0.5963286752336041,0.052069421160243344
cox_survival,288,0.3275671803459501,0.2929888770161195,0.3646907130260589,0.9978659304130536,0.8817224625491514,1.1254961961994008,0.42455134596211364,0.35491294447714206,0.4912808245387601,0.26190737077199
